id;name;nb_people;postal_code;date_update
1;mobile Fish;77969;Savings Account Dam;2019-10-28T08:28:05
2;Trace;33370;Metal deposit;2019-10-28T09:30:49
3;transmitter Implementation Electronics;99221;Money Market Account;2019-10-27T20:11:16
4;Grocery Home;52477;enable Gorgeous Frozen Pants;2019-10-28T05:16:51
5;Licensed Savings Account;38246;Planner Canyon;2019-10-27T14:13:45
6;Yuan Renminbi Centers;1326;Usability South Dakota envisioneer;2019-10-28T10:29:03
7;Public-key;24102;Bahamian Dollar Investment Account;2019-10-27T14:52:15
8;Salad;39106;Tuna;2019-10-27T16:44:20
9;convergence;20794;Georgia Industrial;2019-10-27T14:39:10
10;Views e-enable Communications;72727;archive Georgia Aruba;2019-10-27T11:47:58
